A1,سَكَنَ,Sakana,skn
A1,تَبَوَّأَ (بوء),Tabaw’wa’a(Baw’a),bwA
A1,ثَوَى,Tha’waa,vwy
A1,بَدَا (بَدُو),Badaa(Badow),bdw
A1,حَضَرَ,Ha’darr,HDr
A1,خَلَدَ,Khalad,xld
A1,عَاشَرَ,Aashara,E$r
A1,غَنِيَ,Ghaniya,gny
A2,اَسْكَنَ,Asskana,skn
A2,بَوَّأَ,Baw’wa’a,bwA
A2,عَمَرَ,Amara,Emr
A2,آوَى,Aa’waa,Awy
A3,أَخَّرَتْ,Akh’arat,
A3,دَارُ الآخِرَة,Daarul’Aakhirah,
A3,اليَومُ الآخِرْ,Alyawmul’Aakhir,
A3,دَارُ القَرَارْ,Darul’Qaraar,
A3,يَومُ البَعْثْ,Yawmul’Ba’a’th,
A4,انْس,Inss,
A4,إِنْسَانْ,In’ssaan,
A4,نَاسْ,Naas,
A4,إِنْسِيَّا,In’seeya,
A4,أَنَاسِي,Anaasee,
A4,آدَمْ,Aadam,
A4,بَشَرْ,Bashar,
A5,سَكَنَ,Sakana,
A5,سَبَتَ,Sabata,
A5,اِرْتَفَقَ,Irr’tafaqa,
A6,أَمَلْ,Amal,
A6,أُمْنِيَةْ,Um’niyah,
A6,وَدَّ,Wadda,
A7,بَرْزَخْ,Barr’zakh,
A7,حِجِرْ,Hijir,
A7,حَجْزْ,Haj’zz,
A7,حَدْ,Hadd,
A8,حُرْ,Hurr,
A8,مُحْصَنْ,Muh’san,
A8,سُدَى,Sudaa,
A9,حَرَّرَ,Har’rara,
A9,طَلَّقَ,Tal’laqa,
A9,سَرَّحَ,Sarraha,
A10,اَمْتَحَنَ,Im’tahana,
A10,بَلَىَ- اِبْتَلَىَ,Balaa-Ib’talaa,
A10,فَتَنَ,Fatana,
A11,يَسِير,Yaseer,
A11,هَيِّنْ,Hayyin,
A12,سَمَاء,Samaa’a,
A12,فَلَكْ,Falak,
A13,تَخَبَّطَ,Takhab’bata,
A13,اِعْتَرَىَ(عرو),Ee’taraa(Aroo),
A14,نَارْ,Naar,
A14,لَظَىَ,Lathaa,
A15,شِهَابْ,Shihaab,
A15,جَذْوَة,Jath’wah,
A15,قَبَسْ,Qaba’ss,
A16,قَدَحْ,Qadah,
A16,اوَرى(ورى),Aw’raa(Waraa),
A16,أَوْقَدَ-اِسْتَوْقَدَ,Aw’qada-Iss’taw’qada,
A16,قَبَسَ,Qabass,
A16,سَعَّرَ,Sa’a’ara,
A16,سَجَّرَ,Saj’jara,
A16,تَلَظَّىَ,Talath’thaa,
A17,لَوَّحَ,Law’waha,
A17,لَفَحَ,Lafaha,
A17,شَوَى,Sha’waa,
A17,صَهَرَ,Sahar,
A17,نَفَحَ,Nafaj,
A17,حَرَّقَ-اِحْتَرَقَ,Har’raqa-Ih’taraqa,
A18,خَمَدَ,Khamada,
A18,خَبَا(خبو),Khabaa(khaboo),
A18,طَفَأَ,Tafa’a,
A19,شَعَرَ,Sha’a’ra,
A19,ظَهَرَ,Tha’ha’ra,
A19,عَثَرَ,A’thara,
A19,عَلِمَ,A’lima,
A19,خَبَرَ,Khabara,
A20,اَشْعَرَ,Ash’a’ra,
A20,اَظْهَرَ,Ath’hara,
A20,عَلَّمَ,Allama,
A20,اَدْرى,Ad’raa,
A20,حَدَّثَ,Had’datha,
A20,عَرَّفَ,Arrafa,
A20,اَطْلَعَ,At’la’a,
A20,نَبَّأَ,Nab’ba’a,
A20,دَلَّ,Dal’la,
A21,قُبُلْ-قبِل,Qubul-Qabil,
A21,بَينَ يَدَي,Bayna Yadayy,
AA20,قَدَّمَ-اَسْتَقْدَمَ,Qad’dama-Iss’taq’dama,
AA20,سَبَقَ-اِسْتَبَقَ,Sabaqa-Iss’tabaqa,
AA20,اَقْبَلَ-اِسْتَقْبَلَ,Aq’bala-Iss’taq’bala,
A23,قَدَّمَ,Qaddama,
A23,اَسْلَفَ,Asslafa,
A24,أَسْلِحَةْ,Asslihah,
A24,أَوْزَار,Aw’zaar,
A24,حِذْر,Hithir,
A24,شَوكَة,Shawkah,
A25,جَاءَ,Jaa’a,
A25,أَتَى,Ataa,
A25,هَيْتَ,Hayta,
A25,هَلُمَّ,Halumma,
A25,تَعَال,Ta’aal,
A26,عَين,Ayn,
A26,عِين,Eeen,
A26,حُورْ,Hoor,
A26,بَصَرْ,Basar,
A27,تَاهَ(تِيه),Taah(Teeh),
A27,هَامَ(هَيمْ),Haam(Haym),
A28,صَوتْ,Sawt,
A28,صَدّ,Sadd,
A28,صَرِيخْ,Sareekh,
A28,هَمْس,Hamss,
A28,حَسِيسْ,Hasees,
A28,مُكَاء,Mukaa’a,
A28,تَصْدِيَة,Tass’diyah,
A28,ضَبَحَ,Dabah,
A28,خُوارْ,Khowaar,
A28,شَهِيقْ,Sha’heeq,
A28,زَفِيرْ,Za’feer,
A28,لَهث,Lah’th,
A28,رِكْز,rikz,
A28,صَيْحَة,Say’hah,
A28,صَاخَّة,Saakh’khah,
A28,تَغَيُّظ,Ta’ghayyuz,
A28,هَدّ,Hadda,
A28,غَلَى,Ghalaa,
A28,صِلْصَالْ,Sil’saal,
A28,قَارِعَة,Qaari’ah,
A29,رُوَيْد,Ruwayd,
A29,رُخَاء,Rukhaa’a,
A29,عُرْف,Urff,
A29,يُسْر,Yussr,
A29,اِسْتِدْرَاجْ,Is’tidraaj,
A29,دَلَّى,Dallaa,
AA1,غَلَى,Ghalaa,
AA1,نَضَخَ,Nadakha,
AA1,فَارَ,Faara,
AA2,كَعْب,Ka’ab,
AA2,حَدْب,Had’b,
AA2,أمْت,Am’t,
AA2,نَجْد,Naj’d,
AA2,سَمْك,Sam’k,
AA3,حَرَّضَ,Harrada,
AA3,حَضَّ,Hadda,
AA3,حَثَّ,Hath’tha,
AA3,أزَّ,Az’za,
AA3,جَرَم,Jarama,
AA4,نَزَلَ,Nazala,
AA4,نَزَّلَ,Nazzala,
AA4,أَنْزَلَ,An’zala,
AA4,تَنَزَّلَ,Tanazzala,
AA4,حَلَّ(أَحَلَّ),Halla(A’halla),
AA4,هَبَطَ,Habata,
AA4,وَضَعَ,Wada’a,
AA4,خَلَعَ,Khala’a,
AA5,فَرِحَ,Fariha,
AA5,بَطَرَ,Batara,
AA5,مَرَحَا,Maraha,
AA5,اِخْتَالَ(خيل),Ihk’tala(khayl),
AA5,فَخَرَ,Fakhara,
AA5,أَشَرَ,Ashara,
AA5,تَمَطَّىَ,Tamat’taa,
AA5,تَكَبَّرَ,Takab’bara,
AA5,فَرِهَ,Fariha,
AA6,خَرَصَ,Kharasa,
AA6,اِخْتَلَقَ,Ikh’talaqa,
AA6,اِفْتَرى,Iff’tara,
AA6,تَقَوَّلَ,Taqawwala,
AA7,حَمَلَ,Hamala,
AA7,نَاءَ(نوء),Naa’a(Naw’a),
AA7,وَزَرَ,Wazara,
AA7,اَثَار(ثور),Athaara(Thawr),
AA7,أقَلَّ,Aqalla,
AA7,بَعَثَ,Ba’a’tha,
AA7,أَنْشَرَ,An’shara,
AA7,أَنْشَزَ,An’shaza,
AA7,لَقَطَ-لَقَحَ,Laqata-Laqaha,
AA8,اِنْبَعَثَ,In’ba’a’tha,
AA8,نَشَرَ,Nashara,
AA8,نَشَزَ,Nashaza,
AA8,قَامَ,Qaama,
AA9,اِسْتَأْذَنَ-أَذِنَ,Iss’ta’a’thana-Athina,
AA9,اَسْتَأْنَسَ,Iss’ta’anasa,
AA10,عُتُلّ,Utull,
AA10,فَظّ,Fazz,
AA10,أَعْرَابْ,Aa’raab,
AA11,إِذ-إِذَن,Eth-Ethan,
AA11,بَغْتَةً,Bagh’tah,
AA12,نِعْمَ,Ni’ema,
AA12,خَيْر,Khayr,
AA12,حَسُنَ,Hasuna,
AA12,اَمْثَل-مُثْلَى,Am’thal-Muth’laa,
AA12,جَمِيلْ,Jameel,
AA13,نَكِرَ,Nakira,
AA13,عَجَبَ,Ajaba,
AA13,جُنُبْ,Junub,
AA14,فَضَّلَ,Faddala,
AA14,مَنَّ,Manna,
AA14,أَنْعَمَ,An’ama,
AA14,أَحْسَنَ,Ahsana,
AA15,خِيَرَةْ,Khiyarah,
AA15,مَلْك,Malk,
AA15,وَلاَيَة,Walaayah,
AA15,أَمْكَنَ,Amkana,
AA16,اِسْتَحَبَّ,Iss’tahabba,
AA16,تَحَرَّى(حرو),Taharraa(Harw),
AA17,قَرْض,Qard,
AA17,دَينْ,Dayn,
AA18,أَرَادَ,Araada,
AA18,عَزَمَ,Azama,
AA18,أَبْرَمَ,Ab’rama,
AA18,هَمَّ,Hamma,
AA18,أمّ,Amm,
AA18,تَيَمَّمَ(يم),Tayam’mam(yam),
AA18,تَحَرَّى,Taharra,
AA19,أَصَرَّ,Assarra,
AA19,مَرَدَ,Marada,
AA19,لَجَّ,Lajja,
AA22,طَارَ-اِسْتَطَار,Taara-isstataar,
AA22,أَذْرَى,Ath’raa,
AA22,نَسَفَ,Nasafa,
AA23,أَشَارَ,A’shaara,
AA23,رَمَزَ,Ramaza,
AA23,تَغَامَزَ,Ta’ghaamaza,
AA23,عَرَّضَ,Arr’rada,
AA24,تَبِعَ,Tabiaa,
AA24,اِقْتِدَاء,Iq’tidaa’a,
AA24,أُسْوَة,Uss’wah,
AA24,أَطَاعَ,Ataa’aa,
AA24,اَسْتَجَابَ,Iss’tajaaba,
AA24,أَسْلَمَ,Asslama,
AA24,قَنَتَ,Qanata,
AA24,ذَعَنَ,Tha’a’na,
AA25,قَصْد,Qassd,
AA25,وَسَطْ,Wasat,
AA25,تَقْوِيمْ,Taq’weem,
AA26,طَائِر,Taa’er,
AA26,قِطّ,Qitt,
AA26,كِتَابْ,Kitaab,
AA26,صُحُف,Suhuff,
AA27,وَيْل,Wayl,
AA27,لَيْتَ,Layta,
AA27,أَسَفَى,Asafa,
AA27,أَسَىَ,Asaa,
AA28,مَكَّنَ,Makkana,
AA28,اِسْتَخْلَفَ,Iss’takh’lafa,
AA29,أَقَرَّ,Aqarra,
AA29,اِعْتَرَفَ,Ee’tarafa,
AA29,شَهِدَ,Shahida,
AA30,جَمَعَ,Jama’aa,
AA30,اِجْتَمَعَ,Ij’tama’aa,
AA30,حَشَرَ,Hashara,
AA30,اِدَّخَرَ,Iddakhara,
AA30,خَزَنَ,Khazana,
AA30,وَسَقَ-اِتَّسَقَ,Wasaq-Ittasaq,
AA30,كَفَتَ,Kafata,
AA30,لَمَّ,Lamma,
AA30,حَصَّلَ,Hass’sala,
AA30,مَثَابَةً,Mathaabah,
AA31,اِجْتَثَّ,Ij’that’tha,
AA31,اِنْقَعَرَ,Inqa’aara,
AA32,أَحَدْ,Ahad,
AA32,وَحِيدْ,Waheed,
AA32,فَرْد,Farrd,
AA32,فُرَادَى,Furaadaa,
AA33,إِنْ,In,
AA33,إِمَّا,Imma,
AA33,لَوْ,Law,
AA34,أَرْكَسَ,Arrkasa,
AA34,اِئتَفَكَ,Ee’tafaka,
AA34,جَثَمَ,Jathama,
AA34,كَبَّ,Kabba,
AA34,كَبْكَبَ,Kab’kaba,
AA34,قَلَّبَ-تَقَلَّبَ,Qallaba-Taqallaba,
AA34,نَكَسَ-نَكَّسَ,Nakasa-Nakkasa,
AA35,فَرَقَ,Faraqa,
AA35,فَتَقَ,Fataqa,
AA35,عَزَلَ,Azala,
AA35,جَنَبَ,Janaba,
AA35,مَازَ(مَيز),Maaza(Mayz),
AA35,زَيَّلَ,Zayyala,
AA36,تَفَرَقَ,Tafarraqa,
AA36,اِعْتَزَلَ,Ee’tazala,
AA36,تَجَنَّبَ,Tajannaba,
AA36,اِمْتَازَ,Im’taaza,
AA36,تَزَيَّلَ,Tazayyala,
AA36,خَلاَ,Khalaa,
AA36,خَلَصَ,Khalasa,
AA36,فَصَلَ,Fasala,
AA36,اِنْتَبَذَ,In’tabatha,
AA36,تَجَافَىَ(جفو),Tajaafa(Jafu),
AA37,أَمَلَ,Amala,
AA37,مَتَى,Mataa,
AA37,رَجَأ(رجو),Raja’a(Rajw),
AA38,حَوَايَا,Hawaayaa,
AA38,أَمْعَاء,Am’aa’a,
AA39,اِنْتَظَرَ,In’tazara,
AA39,تَرَقَّبَ,Taraq’qaba,
AA39,تَرَبَّصَ,Tarab’basa,
AA40,مُنْتَهَى,Muntahaa,
AA40,عَاقِبَة,Aaa’qibah,
AA40,مَصِيرْ,Maseer,
AA41,أَعْمَى,Aa’maa,
AA41,أَكْمَه-كَمِهَ,Ak’mah-Kamih,
AA42,قِسْط-عَدْل,Qist-Ad’l,
AA43,أَبَى,Abaa,
AA43,أَنْكَرَ,An’kara,
AA43,جَحَدَ,Jahada,
AA43,كَفَرَ,Kafara,
AA44,أَصَابِعْ,Asaabi’e,
AA44,أَنَامِلْ,Anaamil,
AA45,اِسْتَغْشَى,Isstagh’shaa,
AA45,اِدَّثَرَ,Id’datharaa,
AA45,اِزَّمَّلَ,Iz’zammala,
AA46,أَوْلَادْ,Awlaad,
AA46,ذُرْيَّة,Thurreeyah,
AA46,أَسْبَاطْ,Assbaat,
AA46,عَقِبْ,Aqib,
AA46,نَسِلْ,Nasl,
AA46,حَفَدَة,Hafadah,
AA46,آل,Aaal,
AA46,أَهْل,Ahll,
AA47,صُوفْ,Soof,
AA47,عِهْن,Eh’n,
AA48,بَعِيرْ,Eb’l,
AA48,جَمَلْ,Ba’eer,
AA48,هِيم,Jamal,
AA48,رِكَابْ,Heem,
AA48,نَاقَة,Rikaab,
AA48,ضَامِر,Naaqah,
AA48,عِشَار,Daamir,
AA48,بُدْن,E’shaar,
AA48,بَحِيرَة,Budn,
AA48,وَصِيلَة,Waseelah,
AA48,سَائِبَة,Saa’ebah,
AA48,حَامْ,Haam,
AA48,,إِبِلْ,
AA49,نُعَاسْ,Nuaas,
AA49,سِنَة,Sinah,
AA50,حَطَبْ,Hatab,
AA50,حَصَبْ,Hasab,
AA50,وَقُودْ,Waqood,
AA51,يَا,Yaa,
AA51,أَيُّهَ,Ayyuha,
AA51,يَا أَيُّهَا,Yaa Ayyuha,
b1,واَلِدْ,Waalid,
b1,أَبْ,Abb,
b2,تَبَارَكَ-مُبَارَكْ,Tabaaraka-Mubaarak,
b2,أَيْمَنْ,Ayman,
b2,طُوبَى,Toobaa,
b3,قَوْل,Qawl,
b3,حَدِيثْ,Hadeeth,
b3,كَلِمَة,Kalimah,
b4,كَلَّمَ,Kal’lama,
b4,حَاوَرَ,Haawara,
b4,خَاطَبَ,Khaataba,
b5,سُلْطَانْ,Sultaan,
b5,مُلْكْ-مَلَكُوتْ,Mulk-Malakoot,
b6,سَحَابْ,Sahaab,
b6,غَمَامْ,Ghamaam,
b6,عَارِضْ,Aaa’rid,
b6,مُعْصِرَاتْ,Mu’esiraat,
b6,مُزْن,Muzn,
b6,صَيِّبْ,Sayyib,
b7,مَرَّة,Marrah,
b7,كَرَّةً,Karrah,
b7,تَارَّةً,Taarrah,
b8,مَطَرْ,Matar,
b8,مَاء,Maa’a,
b8,طَلّ,Ta’l,
b8,وَدْق,Wadq,
b8,غَيثْ,Ghayth,
b8,مِدْرَارْ,Midraar,
b8,غَدَقْ,Ghadaq,
b8,صَيِّبْ,Sayyib,
b8,وَابِلْ,Waabil,
b9,اِنْتَهَى,In’tahaa,
b9,اِنفَكَّ,In’fak,
b10,جَنَاحْ,Janaah,
b10,عَضُدْ,A’dud,
b10,ذِرَاعْ,Thi’raa’a,
b11,جَنَّة,Jannah,
b11,حَدِيقَة,Hadeeqah,
b11,رَوضَة,Rawdah,
b12,أَبْقَى,Ab’qaa,
b12,أَثْبَتَ,Ath’bata,
b12,غَادَرَ,Ghaadara,
b13,شَعْر,Shar,
b13,وَبَر,Wabar,
b13,صُوفْ,Soof,
b14,عَاقِرْ,Aaa’qir,
b14,عَقِيمْ,A’qeem,
b15,رَبَطَ,Rabata,
b15,شَدَّ,Shad’da,
b15,غَلَّ,Ghal’la,
b16,صَنَمْ,Sanam,
b16,نُصُبْ,Nusub,
b16,أَوْثَان,Awthaan,
b16,جِبْت,Jibt,
b16,طَاغُوت,Ta’ghoot,
b17,بَرْق,Barq,
b17,رَعْد,Ra’ad,
b17,صَاعِقَة,Saa’eqah,
b18,وَقَى,Waqaa,
b18,مَنَعَ,Mana’aa,
b18,حَجَزَ,Hajaza,
b18,أَحْصَنَ,Ah’sana,
b18,جَنَبَ,Janaba,
b18,عَصَمَ,Asama,
b19,اِتَّقَى,It’taqaa,
b19,تَحَصَنَ,Tahasana,
b19,اِجْتَنَبَ,Ej’tanaba,
b19,اِسْتَعْصَمَ,Iss’ta’a’sam,
b19,حَذَر,Hathar,
b19,تَعَفَّفَ,Ta’af’fafa,
b20,أَجِنَّة,Ajinnah,
b20,وَلِيد,Waleed,
b20,مَوْلُودْ,Mawlood,
b20,وَلَدْ,Walad,
b20,طِفْل,Tifl,
b20,صَبِي,Sabee,
b20,غُلَامْ,Ghulaam,
b21,دَحَى,Dahaa,
b21,طَحَى,Tahaa,
b21,سَطَحَ,Sataha,
b21,فَرَشَ,Farasha,
b21,مَهَدَ,Mahada,
b22,مِهَادْ,Mihaad,
b22,فِرَاشْ,Firaash,
b22,مَضَاجِعْ,Madaaji’e,
b23,بَخَلَ,Bakhala,
b23,اَمْسَكَ,Am’saka,
b23,أَدْعَى,Ad’aa,
b23,أَكْدَى,Ak’daa,
b23,أقْتَرَ,Aq’tara,
b23,ضَنَّ,Dan’na,
b23,شَحَّ,Shah’ha,
b23,غُلَّ,Ghalla,
b24,شِقْوَة,Shiq’wah,
b24,نَحُوسَة,Nahoosah,
b24,طَائِر,Taa’er,
b24,شُؤْم,Shu’om,
b24,حُسُوم,Hosoom,
b25,لَعَنَ,La’ana,
b25,سَحَقَ,Sahaqa,
b25,بَعُدَ,Ba’oda,
b25,اِبْتَهَلَ,Ib’tahal,
b26,مَسَخَ,Masakha,
b26,كَلَحَ,Kalaha,
b26,قَبُحَ,Qabuha,
b27,زِنَا,Zinaa,
b27,بِغَاء,Bighaa’a,
b27,فَاحِشَة,Faahishah,
b27,سِفَاح,Sifaah,
b28,بَدَّلَ,Bad’dala,
b28,حَوَّلَ,Haw’wala,
b28,غَيَّرَ,Ghayyara,
b28,حَرَّفَ-تَحَرَّفَ,Harrafa-Taharrafa,
b28,نَكَّرَ,Nakkara,
b28,دَاوَلَ,Daawala,
b29,بَدَلْ,Badal,
b29,ب,Be,
b29,عَدْل,Adl,
b29,أَجْر,Ajr,
b29,جَزَاء,Jazaa’a,
b29,ثَوَاب,Thawaab,
b29,عِقَاب,E’qaab,
b29,وَبَال,Wabaal,
b29,كَفَّارَة,Kaf’faarah,
b29,قِصَاص,Qisaas,
b29,دِيِّة,Deeyyah,
b29,فِديَة,Fid’yah,
b30,جَزَى,Jazaa,
b30,ثَوَّبَ-أَثَابَ,Thaw’waba-Athaaba,
b30,عَذَّبَ,Ath’thaba,
b30,دَانَ,Daana,
b31,عَاقَبَ,Aaa’qaba,
b31,اِنْتَصَرَ,In’tasara,
b31,اِنْتَقَمَ,In’taqama,
b32,نَزَفَ,Nazafa,
b32,غَالَ(غول-سَكَرْ),Ghaala(Ghawl-Sakar),
b33,بِئس,Bi’ess,
b33,شَرْ-شِرْيِرْ,Sharr-Shir’reer,
b33,سَاءَ,Saa’a,
b33,سُوء,Soo’a,
b33,سَيِّئَة,Sayyiah,
b33,مُسِيء,Musee’a,
b33,قَبُحَ,Qabuha,
b34,ذَمَّ,Thamma,
b34,عَتَبَ,Ataba,
b34,لَامَ,Laama,
b34,ثَرَّبَ,Thar’raba,
b35,نَقَمَ,Naqama,
b35,نَكِرَ,Nakira,
b36,عَدْل,Adl,
b36,سَوَاء,Sawaa’a,
b36,سَوَّى-اِسْتَوَى,Saw’waa-Iss’tawaa,
b37,ضَلَّ-أَضَلَّ,Dalla-Adalla,
b37,حَبِطَ-أَحْبَطَ,Habita-Ah’bata,
b37,بَطَلَ-أَبْطَلَ,Batala-Ab’tala,
b37,أَضَاعَ,Adaa’aa,
b38,حَلُمَ,Haluma,
b38,صَبَرَ,Sabara,
b38,كَظَمَ,Kazama,
b39,كَبِير-أَكْبَر,Kabeer-Ak’bar,
b39,عَظِيم-أَعْظَم,Azeem-A’azam,
b39,جَلِيل-ذُو الجَلَال,Jaleel-Thul’Jalaal,
b39,مَجِيد,Majeed,
b40,كِبَر,Kibar,
b40,جَلَال,Jalaal,
b40,جَدّ,Jadd,
b41,زَادَ-اِزْدَادَ,Zaada-Iz’daada,
b41,كَثُرَ-كَثَّرَ,Kathura-Kath’thara,
b41,عَفَا,Afaa,
b41,ضَاعَفَ,Daa’afa,
b41,تَطَوَّعَ,Ta’taw’wa’aa,
b41,نَفَلَ,Nafala,
b41,أَرْبَى,Ar’baa,
b42,قَرْيَة,Qarryah,
b42,بَدُو,Bado,
b42,أَعْرَاب,A’a’raab,
b43,غَنَم,Ghanam,
b43,مَعْز,Ma’az,
b44,اِنْبَثَّ,In’bath’tha,
b44,اِنْتَشَرَ,In’tashara,
b44,اِنْتَثَرَ(نثر),In’tathara,
b44,اِنْفَضَّ,In’fad’da,
b44,اِسْتَطَارَ(طير),Iss’ta’taara(tayr),
b45,رَفَعَ,Rafa’aa,
b45,أَنْشَأَ,An’sha’aa,
b46,عَلَا,Alaa,
b46,بَسَقَ,Basaqa,
b46,شَمَخَ,Shamakha,
b47,جَعَلَ,Ja’a’la,
b47,بَنَى,Banaa,
b47,صَنَعَ,Sana’aa,
b47,اِتَّخَذَ,It’takhatha,
b48,غَلَّقَ,Ghal’laqa,
b48,وَصَدَ,Wasada,
b48,قَصَرَ,Qasara,
b48,قَبَضَ,Qabada,
b49,حَبَكَ,Habaka,
b49,وَضَنَ,Wadana,
b50,ثِقَلْ,Thiqal,
b50,حَمْل-حِمْل,Haml-Himl,
b50,وَقْر-وِقْر,Waqr-Wiqr,
b50,وِزِر,Wizr,
b50,اِصْر,Issir,
b50,كَلٌّ,Kallun,
b50,وَزْن-مَوَازِين,Wazn-Mawazeen,
b51,ثَقُلَ,Thaqula,
b51,كَسَلَ,Kasala,
b51,أَدَّ,Adda,
b51,كَبُرَ-كَبِيرَة,Kabura-Kabeerah,
b52,شَيخ,Shaykh,
b52,شَيب,Shayb,
b52,كَهْل,Kahl,
b52,عَجُوز,Ajooz,
b52,مُعَمَّر,Muammar,
b52,عَوَان,Awaan,
b52,فَارِض,Faarid,
b53,بَلِيَ,Baliya,
b53,وَهِيَ,Wahiya,
b53,رَمَّ,Ramma,
b53,رَفَتَ,Rafata,
b53,نَخَرَ,Nakhara,
b54,لَفَظَ,Lafaza,
b54,نَطَقَ,Nataqa,
b54,فَصَحَ,Fasaha,
b54,أَعْرَبَ,A’a’raba,
b54,أَعْجَمَ,A’a’jama,
b54,تَكَلَّمَ-لَحِنَ,Takal’lama-Lahina,
b55,سَالَ-أسَالَ,Saal-Asaal,
b55,أَفَاضَ,Afaad,
b55,سَكَبَ,Sakaba,
b55,سَفَكَ,Safaka,
b55,سَفَحَ,Safaha,
b55,فَجَرَ-جَرَى,Fajara-jaraa,
b56,عَذَرَ,Athara,
b56,عَذَّرَ,Ath’thara,
b56,اِعْتَذَرَ,Ee’tathara,
b56,فِتْنَةً,Fit’nah,
b57,بُهْتَانْ,Buh’taan,
b57,إِفْك,Ifk,
b57,اِفْتِرَاء,If’tiraa’a,
b58,ضَلَّ-أَضَلَّ,Dalla-Adalla,
b58,غَوَى-أَغْوَى,Ghawaa-Agh’waa,
b58,تَاهَ,Taaha,
b59,فَرَّ,Farra,
b59,أَبَقَ,Abaqa,
b59,زَهَقَ,Zahaqa,
b59,هَرَبَ,Haraba,
b59,اِسْتَنْفَرَ,Iss’tan’fara,
b59,شَرَّدَ,Shar’rada,
b60,إِخْوَة,Ikh’wah,
b60,إِخْوَان,Ikh’waan,
b61,مَلَا-اِمْتِلاء,Malaa-Im’ta’a’aa,
b61,دَهَقَ,Dahaqa,
b61,شَحَنَ,Shahana,
b62,جُوع,Jooa,
b62,مَسْغَبَة,Mas’ghaba,
b62,مَخْمَصَة,Makh’masa,
b62,خَصَاصَة,Khasaasah,
b63,نَسِيَ-أَنْسَى,Nasiya-An’saa,
b63,سَهَا,Sahaa,
b63,ضَلَّ,Dalla,
b63,ذَهَلَ,Thahala,
b64,شَوَى,Shawaa,
b64,حَنَذَ,Hanatha,
b65,أَرْسَلَ,Ar’sala,
b65,بَعَثَ,Ba’a’tha,
b66,وَصَفَ,Wasafa,
b66,قَصَّ,Qassa,
b66,ضَرَبَ,Daraba,
b66,حَدَّثَ,Had’datha,
b66,أَبَانَ-بَيَّنَ,Abaana-Bayiana,
b66,صَرَّفَ,Sar’rafa,
b66,فّصَّلَ,Fas’sala,
b66,فَسَّرَ,Fas’sara,
b67,وَلَدْ,Walad,
b67,وَلِيد,Waleed,
b67,مَولُود,Mawlood,
b67,اِبِن-بِنت,Ibn-Bint,
b68,قَعَدَ,Qa’ada,
b68,جَلَسَ,Jalasa,
b68,جَثَا,Jathaa,
b69,مَرِيض,Mareed,
b69,سَقِيم,Saqeem,
b69,حَرَض,Harad,
b70,زَوج,Zawj,
b70,حَلَائِل,Halaa’el,
b70,اِمْرَأَة,Im’ra’ah,
b70,صَاحِبَة,Saahibah,
b70,نِسَاء-أَهْل,Nisaa-Ahl,
b71,عَدَلَ,Adala,
b71,قَسَطَ,Qasata,
b71,ظَلَمَ,Zalama,
b71,حَافَ,Haafa,
b71,عَالَ,Aaala,
b71,ضَازَ(ضيز),Daaza(Dayz),
b72,رَغِبَ عَنْ,Raghiba ann,
b72,حُصُور,Husoor,
b72,زَاهَدَ,Zaahada,
b73,تَبَرَّأَ,Tabar’ra’aa,
b73,قَلَى,Qalaa,
b73,مَقَتَ,Maqata,
b74,إِنَّ,Inna,
b74,أَنَّ,Anna,
b74,لَا جَرَمَ,Laa Jarama,
b74,قَدْ,Qadd,
b75,فَرَغَ,Faragha,
b75,جَزِعَ,Jazi’aa,
b75,فَزِعَ,Fazi’aa,
b75,كَرُبَ,Karuba,
b75,هَلَعَ,Ha’la’aa,
b75,اِضْطَرَّ,Idd’tar’ra,
b75,اِسْتَفِزَّ,Iss’tafaz’za,
b76,فَرَغَ,Faragha,
b76,عَطَلَ,Atala,
b77,مَحْرُومْ,Mah’room,
b77,شَقِي,Shaqee,
b78,غَنِي,Ghanee,
b78,صَمَد,Samad,
b79,لَغُو-لَاغِيَة,Laghw-Laaghiyah,
b79,هَزْل,Hazl,
b79,نَزَف,Nazaf,
b80,صَعِقَ,Sa’eqa,
b80,سَكَرَ,Sakara,
b80,غَمَرَ,Ghamara,
b80,صَرَعَ,Sara’aa,
b80,غَشِيَ,Ghashiya,
b81,عِنْدَ,In’d,
b81,لَدِىَ-لَدُن,Ladaa-Ladun,
b81,حَوْل,Hawl,
b81,تِلْقَاء,Til’qaa’a,
b82,سُبْحَان,Sub’haan,
b82,قُدُّوسْ,Qud’doos,
b82,زَكِيَّة,Zakeeyah,
b82,طَهُور,Tahoor,
b82,طَيِّب,Tayyib,
b83,مَحَّصَ,Mah’hassa,
b83,زَكَّى,Zak’kaa,
b83,طَهَّرَ,Tah’hara,
b83,صَفَا,Safaa,
b83,بَرَّأَ,Barra’aa,
b84,وَجَدَ,Wajada,
b84,ثَقَفَ,Thaqafa,
b84,أَلْفَى,Al’faa,
b84,أَدْرَكَ,Ad’raka,
b85,مَاء,Maa’a,
b85,حَمِيم,Hameem,
b85,غَسَّاق,Ghas’saaq,
b85,آنٍ-آنِيَة,Aan-Aaaniyah,
b85,غَوْر,Ghawr,
b85,مَعِين,Maeen,
b85,عَذْب,Ath’b,
b85,فُرَات,Furaat,
b85,أُجَاجْ,O’jaaj,
b86,أَوْدِيَة,Awdiyah,
b86,عَيْن,Ayn,
b86,أَنْهَار,Anhaar,
b86,سَرِي,Sariee,
b86,يَمّ,Yamm,
b86,بَحْر,Bahr,
b87,اِسْتَسْقَى,Iss’tass’qaa,
b87,اِسْتَغَاث,Iss’taghaatha,
b88,رِجل,Rijl,
b88,قَدَم,Qadam,
b89,حَجَر,Hajar,
b89,حِجَارَة,Hijaarah,
b89,حَصَب,Hasab,
b89,سِجِّيل,Sij’jeel,
b90,أَخِر,Ahkir,
b90,خَلْف,Khalf,
b91,نَدِمَ,Nadima,
b91,حَسَرَ,Hasara,
b91,سُقِطَ فِي يَدِهِ,Suqita fee Yadihe,
b92,بَلِيَ,Baliya,
b92,قَدِيم,Qadeem,
b92,عَتِيق,Ateeq,
b93,غِطَاء,Ghitaa’a,
b93,غِشَاوَة,Ghishaawah,
b93,غُلْف,Ghulf,
b93,أَكْنَان,Ak’naan,
b93,أَكِنَّة,Akin’nah,
b93,سِتْر,Sitr,
b93,حِجَاب,Hijaab,
b93,عَورَة,Awrah,
b93,سُرَادِق,Suraadiq,
b94,اِسْتَتَرَ,Iss’tatara,
b94,حَجَبَ,Hajaba,
b95,أَنْشَأَ,An’sha’aa,
b95,أَنْبَتَ,An’bata,
b95,رَبَا,Rabaa,
b95,رَبَّىَ,Rab’baa,
b95,كَفَّلَ,Kaf’fala,
b96,قَرَأَ,Qara’aa,
b96,أَقْرَأَ,Aq’ra’aa,
b96,تَلَىَ,Talaa,
b96,رَتَّلَ,Rat’tala,
b96,دَرَسَ-دِرَاسَة,Darasa-Diraasah,
b96,أَمْلَىَ,Am’laa,
b97,حَبَّ,Hab’ba,
b97,وَدَّ,Wad’da,
b97,اِرْتَضَىَ,Irrtadaa,
b97,تَخَيَّرَ,Takhayyara,
b98,دَعَا,Da’aa,
b98,نَادَىَ,Naadaa,
b98,أَذَّنَ,Ath’thana,
b98,اِبْتَهَلَ,Ib’tahala,
b98,جَهَرَ,Jahara,
b99,أَخَذَ,Akhatha,
b99,بَطَشَ,Batasha,
b99,تَنَاوَشَ,Tanaawasha,
b99,قَبَضَ,Qabada,
b99,خَطَفَ,Khatafa,
b99,سَطَا,Sataa,
b99,اِعْتَصَمَ,Ee’tasama,
b99,اِسْتَمْسَكَ,Iss’tam’saka,
b99,دَرَكَ,daraka,
b100,وَزَر,Wazar,
b100,مَوئِل,Maw’el,
b100,أَكْنَان,Ak’naan,
b100,مَلْجَأ,Mal’ja’a,
b100,مَفَازَة,Mafaazah,
b100,مَحِيصْ,Mahees,
b100,مُلْتَحَد,Mul’tahad,
b101,أَجَار-اِسْتَجَار,Ajaar-Iss’tajaar,
b101,أَعَاذ-اِسْتَعَاذ,A’aath-Iss’ta’aath,
b102,سَأَلَ,Sa’a’la,
b102,اِسْتَفْتَى,Iss’taf’taa,
b102,اِسْتَنْبَأَ,Iss’tan’ba’aa,
b103,كُل,Kul,
b103,كَامِل,Kaamil,
b103,كَافَّة,Kaaf’fah,
b103,سَلَم,Salam,
b104,تَمَّ-أَتَمَّ,Tamma-Atamma,
b104,أَكْمَلَ,Ak’mala,
b104,أَوْفَى,Awfaa,
b104,قَضَى,Qadaa,
b104,أَسْبَغَ,Ass’bagha,
b105,لِبَاس,Libaas,
b105,كِسْوَة,Kiss’wah,
b106,جَبَلَ,Jabal,
b106,رَوَاسِي,Rawaasee,
b106,طَوْد,Tawd,
b106,صَخْرَة,Sakh’rah,
b106,أَعْلَام,A’a’laam,
b107,عَرَفَ,Arafa,
b107,تَوَسَّمَ,Tawassama,
b108,أَوَّل-أَوْلَى,Aw’wal-Aw’laa,
b108,سَابِق,Saabiq,
b108,قَبْل,Qabl,
b109,جَنْب,Janb,
b109,جَنَاح,Janaah,
b109,عِطْف,Etf,
b110,بَلَغَ,Balagha,
b110,أَصَابَ,Asaaba,
b110,أَفْضَى,Af’daa,
b110,نَالَ,Naala,
b110,تَنَاوَشَ,Tanaawasha,
b110,تَعَاطَى(عطو),Ta’aa’taa(Atoo),
b110,وَصَلَ,Wasala,
b110,مَسَّ,Mass’sa,
b110,وَرَدَ,Warada,
b111,أَبْلَغَ-بَلَّغَ,Ab’lagha-Ballagha,
b111,أَوْرَدَ,Aw’rada,
b111,جَبَا(جبو),Jabaa(Jaboo),
b111,أَدْلَى(دلو),Ad’laa(Daloo),
b112,خَرَقَ,Kharaqa,
b112,قَدَّ,Qadda,
b112,فَطَرَ,Fatara,
b112,فَجَرَ,Fajara,
b112,مَخَرَ,Makhara,
b112,شَقَّ,Shaq’qa,
b112,فَلَقَ,Falaqa,
b112,فَرَقَ,Faraqa,
b112,مَزَّقَ,Mazzaqa,
b113,إِنْفَطَرَ-تَفَطَّرَ,In’fatara-Tafat’tara,
b113,شَقَّقَ-إِنْشَقَّ,Shaq’qaqa-In’shaq’qa,
b113,اِنْفَلَقَ,In’falaqa,
b113,تَصَدَّعَ,Tasadda’aa,
b113,تَمَيَّزَ,Tamay’yaza,
b114,دَارَ,Dara,
b114,طَافَ,Taafa,
b114,حَارَ,Haara,
b114,تَقَلَّبَ-إِنْقَلَبَ,Taqal’laba-In’qalaba,
b114,نَكَصَ,Nakasa,
b114,إِنْصَرَفَ,In’sarafa,
b114,وَلَّى-تَوَلَّى,Wal’laa-Tawal’laa,
b114,اِرْتَدَّ,Irr’tad’daa,
b114,أَدْبَرَ,Ad’bara,
b115,أَقْلَبَ-قَلَّبَ,Aq’laba-Qal’laba,
b115,صَرَفَ,Sarafa,
b115,دَلَّىَ,Dal’laa,
b115,رَدَّ,Rad’daa,
b115,لَفَتَ, Lafata,
b115,أَفَكَ,Afaka,
b116,زَلَقَ-أَزْلَقَ,Zalaqa-Az’laqa,
b116,زَلَّ-أَزَلَّ,Zal’la-Azal’la,
b116,دَحَضَ-أَدْحَضَ,Dahada-Ad’hada,
b116,هَالَ,Haala,
b116,رَاوَدَ,Raawada,
b117,ثَمَرْ,Thamar,
b117,فَاكِهَة,Faakihah,
b117,جَنَى,Janaa,
b117,أُكُلْ,O’kul,
b118,يَنَعَ,Yana’aa,
b118,جَنَىَ,Janaa,
b119,نَفَخَ,Nafakha,
b119,نَقَرَ,Naqara,
b119,نَفَثَ,Nafatha,
b119,أَطْفَأَ,At’fa’aa,
b120,ذَرَأَ,Thara’aa,
b120,مَدَّ,Madda,
b120,دَحَىَ-طَحَىَ,daHaa-TaHaa,
b120,نَشَرَ,Nashara,
b120,بَسَطَ,Basata,
b120,بَثَّ,Bath’tha,
b121,نَبَذَ,Nabatha,
b121,طَرَحَ,Taraha,
b121,رَجَمَ,Rajama,
b121,رَمَىَ,Ramaa,
b121,قَذَفَ,Qathaf,
b121,جَفَا,Jafaa,
b122,ظَمْآنْ,Zam’aan,
b122,وِرْد,Wird,
b122,هِيم,Heem,
b122,لَهْث,Lah’th,
b123,أَكْوَاب,Ak’waab,
b123,كَأْسْ,Ka’ass,
b123,سِقَايَة,Siqaayah,
b123,صِوَاع,Siwaa’a,
b124,غِسْلِين,Ghis’leen,
b124,غَسَّاقْ,Ghass’saa’a,
b124,صَدِيدْ,Sadeed,
b125,ظُهْر,Zahr,
b125,دُبْر,Dubr,
b125,صُلْب,Sulb,
b126,اِبْتِغَاء,Ib’tighaa’a,
b126,قَصَّ,Qass’sa,
b126,اَتْبَعَ,At’ba’aa,
b127,بَعْدَ,Ba’a’da,
b127,اِدْبَار,Id’baar,
b127,خَلْف,Khalf,
b127,وَرَاء,Waraa’a,
b128,خَلَفَ-خِلْفَة,Khalaf-Khilfah,
b128,اَرْدَفَ,Arrdafa,
b128,تَلَىَ,Talaa,
b129,أَخَّرَ,Akh’khara,
b129,خَلَّفَ,Khal’lafa,
b130,تَأَخَّرَ,Ta’akh’khara,
b130,خَالَفَ,Khaalafa,
b130,غَبَرَ,Ghabara,
b131,أَخَّرَ,Akh’khara,
b131,أَرْجَأَ,Arr’ja’aa,
b131,أَرْجَهَ,Arrjaha,
b131,نَسَأَ,Nasa’aa,
b132,أَتْبَعَ,At’ba’aa,
b132,قَفَىَ-قَفَّىَ,Qafaa-Qaffaa,
b132,أَغْرَىَ,Agh’raa,
b133,اِتَّبَعَ,It’taba’aa,
b133,اِلْتَفَتَ,El’tafata,
b133,خَنَّسَ,Khan’nasa,
b134,بَرَأَ,Bara’aa,
b134,بَدَعَ,Bada’aa,
b134,فَطَرَ,Fatara,
b134,خَلَقَ,Khalaqa,
b134,أَنْشَأَ,An’sha’aa,
b134,ذَرَأَ,Tha’ra’aa,
b135,عَرَضَ,A’rada,
b135,اَحْضَرَ,Ah’dara,
b136,جَبِين,Jabeen,
b136,جَبْهة,Jab’hah,
b136,نَاصِيَة,Naasiyah,
b137,نَبِي,Nabee,
b137,رَسُول,Rasool,
b137,مَلَائِكَة,Malaa’ekah,
b138,سَاحِر,Saahir,
b138,كَاهِن,Kaahin,
b138,شَاعِر,Shaa’er,
b138,مَجْنُون,Maj’noon,
b139,شَرِبِ,Shariba,
b139,جَرَّعَ,Jarr’ra’aa,
b139,سَاغَ,Saagha,
y1,أَوْ,Aww,
y1,أَمْ,Amm,
y1,إِمَّا,Emma,
y2,ذَكَرَ-إِدَّكَرَ,Thakara-Eddakara,
y2,حَفِظَ,Hafiza,
y2,وَعَى,Wa’aa,
y3,أَيْقَنَ-اِسْتَيْقَنَ,Ayqana-Esstayqana,
y3,ظَنَّ,Zanna,
y4,حَنَفَ,Hanafa,
y4,تَبَتَّلَ,Tabattala,
w1,كَثِير-كَوْثَر,Katheer-Kawthar,
w1,جَمّ,Jamm,
w1,مَرْكُوم,Markoom,
w1,لُبَد-لِبَد,Lubad-Libad,
w1,رَغَد,Raghad,
w1,غَدَق,Ghadaq,
w1,ثَجْاج,Thaj’jaaj,
w1,مَوْفُور,Mawfoor,
w2,أَصْحَاب,Ass’haab,
w2,آل,Aaal,
w2,أَهْل,Ahl,
w2,ذُو,Thoo,
w2,أُولُو,Oloo,
w3,ولايَة,Walaayah,
w3,تُرَاث,Turaath,
w3,عَهْد-وَعَدَه,Ahd-Wa’adah,
w4,وَقْت-مِيقَات,Waqt-Meeqaat,
w4,حِين-حِينَئِذٍ,Heen-Heena’ethen,
w4,آن,Aan,
w4,أَنِفَاً,Anifan,
w4,أَجَل,Ajal,
h1,يَد,Yadd,
h1,يَمِين,Yameen,
h1,شِمَال,Shimaal,
h1,ذِرَاع,Thiraa’a,
h2,نَعَمْ,Na’am,
h2,إِيْ,Ee,
h2,بَلَى,Balaa,
h3,ضَبَحَ,Dabaha,
h3,لَهَثَ,Lahatha,
h4,رَفَعَ,Rafa’aa,
h4,جَنَّبَ,Jannaba,
h4,زَحْزَحَ,Zahzaha,
h4,دَرَءَ,Dara’aa,
h4,دَعَّ,Da’aa,
h4,دَحَرَ,Dahara,
h4,خَسَأَ,Khasa’aa,
h5,هَدَى-اِهْتَدَى,Hadaa-Eh’tadaa,
h5,رَشَدَ,Rashada,
h6,تَبَّ,Tabba,
h6,تَعْسَ,Ta’assa,
h6,قُتِلَ,Qutila,
h6,ثَبَرَ,Thabara,
h6,أوْلَى,Awlaa,
h6,وَيْلٌ,Waylun,
h7,هَلَكَ-أَهْلَكَ,Halaka-Ah’laka,
h7,بَادَ,Baada,
h7,رَدَّى-تَرَدَّى,Raddaa-Taraddaa,
h7,بَخَعَ,Bakha’aa,
h7,دَمَّرَ,Dammara,
h7,دَمْدَمَ,Damdama,
h7,تَبَّبَ,Tabbaba,
h7,تَبَّرَ,Tabbara,
h7,بَارَ,Baara,
h7,أَسْحَتَ,Asshata,
h7,أَوْبَقَ,Awbaqa,
h7,قَصَمَ,Qasama,
h7,فَنَى,Fanaa,
h8,خَفّ,Khaffa,
h8,خَفَّفَ,Khaffafa,
h8,اِسْتَخَفَّ,Esstakhaffa,
h8,فَتَّرَ,Fattara,
h8,قَصَدَ,Qasada,
h9,حَرَّكَ,Harraka,
h9,هَزَّ,Hazza,
h9,هَشَّ,Hash’sha,
h9,لَوَّى,Lawwaa,
h9,نَغَضَ,Naghada,
h10,قَرِين,Qareen,
h10,أَتْرَاب,Atraab,
h10,سَمِيّ,Sameey,
h10,كُفْو,Kufoo,
h10,صَفّ,Saff,
h10,ضَاهَى,Daahaa,
h11,فَشِل,Fashil,
h11,اِسْتَكَان,Esstakaana,
h12,سَطَحَ,Sataha,
h12,دَكَّ,Dakka,
h12,مَرَدَ,Marada,
h13,سَرْمَد,Sarrmad,
h13,أَبَد,Abad,
h14,خَلَدَ,Khalada,
h14,وَصَبَ,Wasaba,
h14,ظَلَّ,Zalla,
h14,اِسْتَمَرَّ,Esstamarr’ra,
h14,دَامَ,Daama,
h14,زَالَ,Zaala,
h14,أَبْرَحَ,Abraha,
h14,فَتَا,Fataa,
h15,ضَحِكَ,Dahika,
h15,تَبَسَّمَ,Tabassama,
h16,رِيْح,Reeh,
h16,رَوْح,Rawh,
h16,رَيْحَان,Rayhaan,
h16,مُبَشِّرَات,Mubashiraat,
h16,لَوَقَح,Lawaaqih,
h16,عَاصِف,Aaasif,
h16,قَاصِف,Qaasif,
h16,حَاصِب,Haasib,
h16,سَمُوم,Samoom,
h16,إِعْصَار,Eesaar,
h16,حُسْبَان,Hussbaan,
h16,نَفْحَة,Nafhah,
h16,صَرْصَر,Sarsar,
h16,رِيْحٌ عَقِيم,Reehun Aqeem,
h17,كَان,Kaana,
h17,أَصْبَحَ,Assbaha,
h17,صَدَرَ-أَصْدَرَ,Sadara-Assdara,
h17,وَقَعَ,Waqa’aa,
n1,يَئيس-اِسْتَيْئَسَ,Ya’ees-Esstay’asa,
n1,قَنَطَ,Qanata,
n1,أَبْلَسَ,Ab’lasa,
n2,رِجْس,Rijss,
n2,خَبِيث,Khabeeth,
n2,نَجْس,Najss,
n3,مَكْرُوه,Makrooh,
n3,إِدّ,Edd,
n3,مُنْكَر,Munkar,
n3,إِمْر,Emrr,
n3,مَذْمُوم-مَذْؤُوم,Mathmoom-Mathoom,
n3,أُفّ,Off,
n4,جَاهِل,Jaahil,
n4,سُفَهَاء,Sufahaa’a,
n5,سَخَطَ,Sakhat,
n5,ضَغْن,Daghn,
n5,غِلّ,Ghill,
n6,كَفُور,Kafoor,
n6,كَنُود,Kanood,
n7,عَصَى,Asaa,
n7,فَسَقَ,Fasaqa,
n7,فَجَرَ,Fajara,
n8,أَنْف,Anff,
n8,خُرْطُوم,Kharrtoom,
n9,اِسْم-سَمَّى,Essm-Sammaa,
n9,لَقَبَ,Laqab,
n9,نَبَزَ,Nabaza,
n9,فَلَان,Fulaan,
n10,مَشْئَمَة,Mash’amah,
n10,نَحْس,Nahss,
n10,حُسُوم,Husoom,
n11,نَجَى,Najaa,
n11,فَازَ,Faaza,
n12,نَذْر,Nathr,
n12,قُرْبَان,Qurbaan,
n13,لَانَ-أَلَانَ,Laana-Alaana,
n13,أَدْهَنَ,Adhana,
n13,آهَ(أوه),Aah(Awh),
n13,تَلَطَّف,Talattafa,
n14,كَادَ,Kaada,
n14,قَرُبَ,Qaruba,
n14,دَنَى,Danaa,
n14,أَزِفَ,Aziff,
n14,زَلَفَ,Zalafa,
n14,قَابَ,Qaaba,
n14,اِقْتَرَنَ,Eqtarana,
n15,أَثَر,Athar,
n15,عَلَامَة,Alaamah,
n15,آيَة,Aaayah,
n15,مُبْصِرَة,Mubsirah,
n15,شَرط,Shart,
n15,نَصب,Nassb,
n15,سِيما,Seema,
n15,شَعَائِر,Sha’aaer,
n16,سَوَّمَ,Sawwama,
n16,وَسَمَ,Wasama,
n17,نَصَحَ,Nasaha,
n17,ذَكَرَ,Thakara,
n17,وَعَظَ,Wa’ada,
n17,وَصَّى,Wassaa,
n17,اِعْتَبَرَ-عِبْرَة,Ee’tabara-Ebrah,
n18,نِعْمَة,Niemah,
n18,نَعْمَة,Na’amah,
n18,آلَاء,Aaalaa’a,
n19,أَنْعَمَ,An’ama,
n19,خَوَّلَ,Khawwala,
n19,أَتْرَفَ,Atrafa,
n19,أَغْنَى,Aghnaa,
n19,أَقْنَى,Aqnaa,
n20,ضَرَّ-ضَيْر,Darr-Dayr,
n20,خَسِرَ,Khasira,
n20,كَسَدَ,Kasada,
n20,بَخَسَ,Bakhasa,
n20,بَارَ-بَوَار,Baara-Bawaar,
n20,غَرَمَ,Gharama,
n21,نَكَحَ-أَنْكَحَ,Nakaha-Ankaha,
n21,زَوَّجَ,Zawwaja,
n22,خَرَجَ,Kharaja,
n22,بَرَزَ,Baraza,
n22,نَفَرَ,Nafara,
n22,غَزَى,Ghazaa,
n22,زَهَقَ,Zahaqa,
n22,نَفَذَ,Nafatha,
n22,سَلَّلَ,Sallala,
n22,لِوَاذاً,Liwaathan,
n22,دَفَقَ,Dafaqa,
n22,شَرَقَ,Sharaqa,
n22,طَلَعَ,Tala’aa,
n23,أَخْرَجَ,Akhraja,
n23,بَرَّزَ,Barraza,
n23,طَرَدَ,Tarada,
n24,طَرْف,Tarrff,
n24,بَصَر,Basar,
n25,حَافِظ-حَفِيظ,Haafiz-Hafeez,
n25,رَقِيب,Raqeeb,
n25,مَقِيت(قوة),Maqeet(Qowah),
n25,حَرَس,Harass,
n25,مُهَيْمِن,Muhaymin,
n26,بَلَعَ,Bala’aa,
n26,مَرَأ,Mara’aa,
n26,أَسَاغَ,Asaagha,
n26,غَصَّ,Ghassa,
n26,لَقَفَ,Laqafa,
n26,إِلْتَقَمَ,Eltaqama,
n27,غَسَلَ-اِغْتَسَلَ,Ghasala-Eghtasala,
n27,طَهَّرَ-إِطَّهَرَ,Tah’hara-Ettah’hara,
n28,لَيْسَ,Laysa,
n28,لَا,Laa,
n28,لَمْ,Lam,
n28,لَنْ,Lan,
n28,إِنْ,In,
n28,مَا,Maa,
n28,هَلْ,Hal,
n28,لَا,Laa,
n28,لَمَّا,Lamma,
n28,بَلَى,Balaa,
n28,كَلَّا,Kallaa,
n28,مَا,Maa,
n28,إِنَّمَا,Ennamaa,
n28,لَاتَ,Laata,
n29,حَدَثَ,Hadatha,
n29,جَدَّ,Jadda,
n29,بَدَعَ,Bada’aa,
n30,تَحْت,That,
n30,أَسْفَل,Assfal,
n30,سَافِل,Saafil,
n30,سُفْلَى,Suflaa,
n31,خَفَضَ,Khafada,
n31,غَضَّ,Ghadda,
n31,قَصَرَ,Qasara,
n31,خَشَعَ,Khasha’aa,
n32,صَالِح,Saalih,
n32,أَبْرَار,Abraar,
n32,بَرَرَة,Ba’ra’rah,
n32,رَشِيد,Rasheed,
n32,سَعِيد,Saeed,
n32,مُتَّقِين,Muttaqeen,
n32,رَبَّانِيُّون,Rabb’baaniyoon,
n33,عُرْف-مَعْرُوف,Urff-Ma’aroof,
n33,حَسَنَةٌ,Hasanah,
n33,خَير,Khayr,
n33,بِرّ,Berr,
n34,أَحْسَنَ,Ah’sana,
n34,أَنْعَمَ,An’ama,
m1,ضَرَبَ,Daraba,
m1,وَكَزَ,Wakaza,
m1,صَكَّ,Sakka,
m1,دَعَّ,Da’aa,
m1,دَمَغَ,Damagha,
m1,رَجَمَ,Rajama,
m1,وَقَذَ,Waqatha,
m1,نَطَحَ,Nataha,
m1,أَجْلَدَ,Aj’lada,
m2,مَاتَ-أَمَاتَ,Maata-Amaata,
m2,قَتَلَ-قَتَّلَ,Qatala-Qattala,
m2,هَلَكَ-أَهْلَكَ,Halaka-Ah’laka,
m2,صَلَبَ-صَلَّبَ,Salaba-Sallaba,
m2,ذَبَّحَ,Thabbaha,
m2,رَجَمَ,Rajama,
m2,اِنْخَنَقَ,Enkhanaqa,
m2,تَوَفَّى,Tawaffaa,
m2,شَهَادَة,Shahaadah,
m3,مَال,Maal,
m3,دَوْلَة,Dawlah,
m3,رِزْق,Rizzq,
m3,خَيْر,Khayr,
m3,فَيْء(أَفَاء),Fay’ia(Afaa’a),
m3,مَغَانِم,Maghaanim,
m3,أَنْفَال,An’faal,
m4,مَالِك,Maalik,
m4,رَبّ,Rabb,
m4,أَهْل,Ahl,
m5,وَالِدَة,Waalidah,
m5,أُمْ,Umm,
m6,طَلَبَ,Talaba,
m6,سَأَلَ,Sa’ala,
m6,إِدَّعَ,Edda’aa,
m6,حَفَا,Hafaa,
m6,إِعْتَرَّ,E’etarra,
m7,طَمَسَ,Tamasa,
m7,مَحَقَ,Mahaqa,
m7,مَحَا,Mahaa,
m7,نَسَخَ,Nasakha,
m8,تُرَاب,Turaab,
m8,طِين,Teen,
m8,لَازِب,Laazib,
m8,حَمَأ,Hama’a,
m8,صَلْصَال,Silsaal,
m8,سُلَالَة,Sulaalah,
m8,فَخَّار,Fakh’khaar,
m8,ثَرَى,Tharaa,
m8,صَعِيد,Saeed,
m9,بَاشَرَ,Baashara,
m9,قَضَى وَطْراً,Qadaa Watt’ran,
m9,تَغَشَّى,Taghash’shaa,
m9,رَفَثَ,Rafatha,
m9,مَسَّ,Massa,
m9,لَمَسَ,Lamasa,
m9,طَمَثَ,Tamatha,
m10,مَجْلِس,Majliss,
m10,نَادِي,Naadee,
m11,حُوْت,Hoot,
m11,نُون,Noon,
m12,حَبَّ-مَحَبَّة,Habba-Mahabbah,
m12,وَدَّ-وُدّ,Wadda-Wudd,
m12,أَلَّفَ,Allafa,
m12,شَغَفَ,Shaghafa,
m12,عُرُباً,Oruban,
m13,قَصْر,Qassrr,
m13,صَرْح,Sarrh,
m14,عَمِلَ,Amela,
m14,جَهُدَ,Jahuda,
m14,نَصَبَ,Nasaba,
m14,كَلَّفَ,Kallafa,
m14,كَدَحَ,Kadaha,
m14,كُرْهٌ,Kurrhun,
m14,شِقّ,Shiqq,
m14,شِقَّةٌ,Shiqq’qah,
m15,خَالَفَ,Khaalafa,
m15,ضَدَّ,Dadda,
m15,شَاقَّ,Shaaq’qa,
m15,حَادَّ,Haad’da,
m15,تَعَاسَرَ,Ta’aasara,
m15,عَنَدَ,Anada,
m16,مُخْتَلِف,Mukhtalif,
m16,شَتَّى,Shattaa,
m16,أَزْوَاج,Azwaaj,
m17,مُدَّة,Muddah,
m17,أَمَد,Amad,
m17,عِدَّة,Eddah,
m17,أُمَّة,Ummah,
m17,مَلِيَّا,Maleeyaa,
m17,مَهْل,Mahl,
m17,عُمْر,Omur,
m18,أَعَانَ-اِسْتَعَانَ,A’aana-Essta’aana,
m18,نَصَرَ-اِسْتَنْصَرَ,Nasara-Esstan’sara,
m18,أَيَّدَ,Ayyada,
m18,عَزَّرَ,Azz’zara,
m18,عَزَّزَ,Azz’zaza,
m18,ظَاهَرَ,Zaahara,
m18,رَدَأَ,Rada’aa,
m18,أَمَدّ,Amadd,
m19,نَاصِر,Naasir,
m19,نَصِير-أَنْصَار,Naseer-Ann’saar,
m19,حَوَارِي,Hawareey,
m19,وَلِي-مَوْلَى,Walee-Mawlaa,
m19,شَهِيد,Shaheed,
m19,ظَهِير,Zaheer,
m19,وَزِير,Wazeer,
m19,عَضُد,Adud,
m20,اِسْتَهْزَأَ,Es’tah’za’aa,
m20,سَخَرَ-فَنَّدَ,Sakhara-Fannada,
m21,رَجُل,Rajul,
m21,إِمرَءٌ-مَرْءٌ,Emra’on-Marr’on,
m21,ذَكَرٌ,Thakarun,
m22,ذَائِقَة,Thaa’eqah,
m22,طَعْم,Ta’am,
m22,لَذَّة,Lath’thah,
m23,زَيَّنَ,Zayyana,
m23,زُخْرُف,Zakh’rafa,
m23,سَوَّلَ,Saw’wala,
m24,اِبنُ السَبِيل,Ibnu Ussabeel,
m24,عَابِرِي سَبِيل,Aaabiree Sabeel,
m24,مُقْوِين,Muqween,
m24,سَيَّارَة,Say’yaarah,
m25,سَخَّرَ,Sakh’khara,
m25,ذَلَّلَ-ذَلُول,Thal’lala-Thalool,
m26,سَلَطَ,Sallata,
m26,قَيَّضَ,Qayyada,
m27,شَغَلَ,Shaghala,
m27,خَاضَ,Khaada,
m27,أَفَاضَ,Afaada,
m27,سَبَحَ,Sabaha,
m27,مِحْنَة,Mihnah,
m27,مَشَقَّة,Mashaqqah,
m28,أَعْنَتَ,A’anata,
m28,اِقْتَحَمَ,Eq’tahama,
m29,شَاوَرَ,Shaawara,
m29,بَيَّتَ,Bayyata,
m29,تَنَاجَى,Tanaajaa,
m29,إِئْتَمَرَ,E’etamara,
m30,شَاعَ,Shaa’aa,
m30,أّذَاعَ,Athaa’aa,
m30,أَرْجَفَ,Arrjafa,
m30,أَهَلَّ,Ahalla,
m31,ثَابِت,Thaabit,
m31,رَاسِخ,Raasikh,
m31,مَتِين,Mateen,
m31,مُحْكَم,Muhkam,
m31,قَيِّمَة,Qayyimah,
m31,وُثْقَى,Wuth’qaa,
m32,ثَبَّتَ,Thabbata,
m32,أَحْكَمَ,Ahkama,
m32,أَوْثَقَ,Awthaqa,
m32,شَدَّ,Shadda,
m32,أَتْقَنَ,Atqana,
m32,رَبَطَ,Rabata,
m32,آزَرَ,Aaa’zara,
m32,عَقَّدَ,Aqq’qada,
m32,وَكَّدَ,Wakkada,
m32,سَنَّدَ,Sannada,
m32,رَصَّ,Rassa,
m32,شَيَّدَ,Shayyada,
m33,عَفَا,Afaa,
m33,أَصْفَحَ,Assfaha,
m33,غَفَرَ,Ghafara,
m33,تَصَدَّق,Tasaddaqa,
m34,تَجَاوَزَ,Tajaawaza,
m34,كَفَّرَ,Kaff’fara,
m34,حِطَّة,Hittah,
m35,أِله,Elaah,
m35,الله,Allaah,
m36,وُجْد,Wujd,
m36,سَعَة,Sa’ah,
m36,قَدَر,Qadarr,
m37,فَرَضَ,Farada,
m37,وَكَّلَ,Wakkala,
m37,أَجَّلَ,Ajjala,
m38,ذُبَاب,Thubaab,
m38,نَحْل,Nahl,
m39,لَقِيَ,Laqiya,
m39,لَحَقَ,Lahaqa,
m39,ولى ,Wallaa,
m39,أصْنَا,Assnaa,
m39,اِخْتَلَطَ,Ekhtalata,
m39,تَجَاوَرَ,Tajaawara,
m39,رَتَقَ,Rataqa,
m39,تَحَيَّزَ,Tahayyaza,
m39,اِشْتَمَلَ,Eshtamala,
m40,خَلَطَ,Khalata,
m40,أَلْحَقَ,Alhaqa,
m40,وَصَلَ,Wasala,
m40,أَلَّفَ,Allafa,
m40,لَبَسَ,Labasa,
m40,رَكَّبَ,Rakkaba,
m40,ضَمَّ,Damma,
m40,مَشَجَ,Mashaja,
m40,مَزَجَ,Mazaja,
m40,مَرَجَ,Maraja,
m40,شَابَ,Shaaba,
m40,ضَغَثَ,Daghatha,
m41,أَعْرَضَ,A’arada,
m41,تَوَلَّى,Tawallaa,
m41,صَدَفَ,Sadafa,
m42,رَفَقَ,Rafaqa,
m42,وَطَأَ,Wata’aa,
m43,ثَنَى,Thanaa,
m43,لَوَى,Lawaa,
m44,رَحْمَان,Rah’maan,
m44,رَحِيم,Raheem,
m44,رَؤُوف,Raooff,
m44,لَطِيف,Lateef,
m44,حَنَان,Hanaan,
m45,طَبَعَ,Taba’aa,
m45,خَتَمَ,Khatama,
m46,أَمْهَلَ-مَهَّلَ,Amhala-Mah’hala,
m46,أَمْلَى,Amlaa,
m46,نَظِرَة,Nazirah,
m47,ضَيْف,Dayf,
m47,وَفْد,Wafd,
m48,شُهُور,Shuhoor,
m48,أَشْهُر,Ash’hur,
m49,دُسُر,Dusurr,
m49,أَوْتَاد,Awtaad,
l1,عَصَا,Asaa,
l1,مَنْسَأَة,Mansa’ah,
l2,جَاءَ بِ,Jaa’a Be,
l2,أَتَى بِ,Ataa Be,
l2,هَلُمَّ,Halumma,
l2,هَاتُوا,Haatoo,
l2,أَجَاءَ,Ajaa’aa,
l2,أَجْلَبَ,Aj’laba,
l3,يَنْبَغِي,Yan’baghee,
l3,أَجْدَرُ,Ajdaro,
l3,أَوْلَى,Awlaa,
l3,حُقّ,Huqqa,
l4,طَوَى,Tawaa,
l4,لَفَّ,Laffa,
l4,كَوَّرَ,Kawwara,
l5,أَدْلَى-تَدَلَّى,Ad’laa-Tadallaa,
l5,عَلَّقَ,Allaqa,
l5,تَرَدَّدَ,Taraddada,
l5,ذَبْذَبَ,Thabthaba,
l6,رَعَى,Ra’aa,
l6,رَقَبَ,Raqaba,
l7,جُنْد,Jund,
l7,فَوْج,Fawj,
l7,حِزْب,Hizb,
l7,نَفِير,Nafeer,
l7,فِئَة,Fiah,
l7,ثُبَات,Thubaat,
l8,حَطَب,Hatab,
l8,خَشَب,Khashab,
l9,خَطَّ,Khatta,
l9,سَطَرَ,Satara,
l9,رَقَمَ,Raqama,
l9,كَتَبَ,Kataba,
l10,اِسْتَنْسَخَ,Esstan’sakha,
l10,أَمَلَّ,Amalla,
l10,اِكْتَتَبَ,Ek’tataba,
l11,كَاتِب,Kaatib,
l11,سَفَرَة,Safarah,
l12,تَتْر,Tatrr,
l12,عَلَى فَتْرَةٍ,Alaa Fat’rah,
l12,حُسُوم,Hussom,
l12,رَدِف,Radif,
l12,دَأْب,Da’ab,
l12,مُتَتَابِع,Mutataabea,
l12,وَصَّلَ,Wassala,
l13,رَجَعَ,Raja’aa,
l13,آبَ,Aaaba,
l13,تَابَ,Taaba,
l13,أَنَابَ,Anaaba,
l13,بَاءَ,Baa’aa,
l13,فَاءَ,Faa’aa,
l13,صَدَرَ-أَصْدَرَ,Sadara-Assdara,
l13,صَارَ,Saara,
l13,رَدَّ-اِرْتَدَّ,Radda-Errtadda,
l14,لَوْحٌ مَحْفُوظ,Lawhun Mahfooz,
l14,أُمُّ الكِتَاب,Ummu Ulkitaab,
l14,إِمَامٌ مُبِين,Emaamun Mubeen,
l14,كِتَابٌ مَكْنُون,Kitaabun Maknoon,
l15,عَبْد,Abd,
l15,أَمَة,Amah,
l15,رَقَبَة,Raqabah,
l15,مُلْك,Mulk,
l15,يَمِين,Yameen,
l16,أَخَذَ,Akhatha,
l16,تَلَقَّى,Talaqqaa,
l16,هَاؤُم,Haaom,
l17,تَدَايَنَ,Tadaayana,
l17,أَدَارَ,Adaara,
k1,حَصَدَ,Hasada,
k1,صَرَمَ,Sarama,
k1,قَطَعَ,Qata’aa,
k1,قَطَّعَ,Qatta’aa,
k1,بَتَرَ,Batara,
k1,بَتَكَ,Bataka,
k1,عَضَّ,Addaa,
k1,خَضَدَ,Khadada,
k1,جَذَّ,Jath’tha,
k1,عَقَرَ,Aqara,
k2,تَقَطَّعَ,Taqatta’aa,
k2,مَنَّ,Manna,
k3,رَقّ,Raqq,
k3,قِرْطَاس,Qirtaass,
k4,كَفَى,Kafaa,
k4,حَسْب,Hassb,
k5,جَزَى,Jazaa,
k5,أَغْنَى,Agh’naa,
k6,فِعْل-فَعَلَ,Fiel-Fa’a’la,
k6,عَمَلْ-عَمِلَ,Amal-Amela,
k6,صَنَعَ,Sana’aa,
k6,صَدَعَ,Sada’aa,
k6,جَرَحَ-اِجْتَرَحَ,Jaraha-Ej’taraha,
k6,تَعَمَّدَ,Ta’ammada,
k6,أَمْر,Amr,
k6,شَأْن,Sha’an,
k7,أَفْلَحَ,Aflaha,
k7,فَازَ,Faaza,
k8,أُذُن,Othun,
k8,سَمْع,Sam’e,
k9,زَلْزَلَ,Zal’zala,
k9,مَارَ,Maara,
k9,رَجَّ,Rajja,
k9,رَجَفَ,Rajafa,
k10,أَيَّان,Ayyaan,
k10,مَتَى,Mataa,
k11,كِتَاب,Kitaab,
k11,أَسْفَار,Assfaar,
k11,سِجِل,Sejil,
k11,نُسْخَة,Nusskhah,
k11,زُبُر,Zubur,
k11,صُحُف,Suhuff,
k12,زَاوَرَ,Zaawara,
k12,قَرَضَ,Qarada,
k12,حَادَ,Haada,
k13,كَمْ,Kamm,
k13,كَأَيّ,Ka’ayy,
k13,كَأَيِّنْ,Ka’ayyin,
k14,بَحَثَ,Bahatha,
k14,بَعْثَرَ,Ba’athara,
k15,أَمَرّ,Amarr,
k15,اُجَاج,Ojaaj,
k15,خَمْط,Khamt,
k16,زُرَّاع,Zurraa’a,
k16,كُفَّار,Kuffaar,
k17,جَارِيَة,Jaariyah,
k17,سَفِينَة,Safeenah,
k17,فُلْك,Fulk,
k18,كَعْبَة,Ka’abah,
k18,البَيْت,AlBayt,
k18,البَيْتُ العَتِيق,Al-Baytul Ateeq,
k18,حَرَم,Haram,
k18,البَيتُ الحرام,Al-Baytul Haraam,
k18,البَيْتَ المُحَرَّم,Al-Baytul Muharram,
k18,المَسْجِدُ الحَرَام,Al-Massjidul Haraam,
k19,أَمْس,Amss,
k19,غَدْ,Ghad,
k20,ظَلَمَ,Zalama,
k20,إِلَّا,Ellaa,
k20,قَصَرَ,Qasara,
k20,أَلَتَ,A’lata,
k20,هَضَمَ,Hadama,
k20,فَتَرَ,Fatara,
k20,قَلَّ,Qalla,
k20,طَفَّفَ,Taf’fafa,
k20,نَقَصَ,Naqasa,
k20,خَسِرَ,Khasira,
k20,بَخَسَ,Bakhasa,
k20,فَرَّطَ,Farrata,
k20,وَتَرَ,Watara,
k21,عَمِلَ,Amela,
k21,كَسَبَ-اِكْتَسَبَ,Kasaba-Ek’tasaba,
k21,اِقْتَرَفَ,Eq’tarafa,
k21,جَرَحَ-اِجْتَرَحَ,Jaraha-Ej’taraha,
k22,حُجْرَة,Huj’rah,
k22,غُرْفَة,Ghur’fah,
k23,ضَعِيف,Daeef,
k23,وَاهِيَة,Waahiyah,
k23,أَوْهَنَ,Awhana,
k23,أَذِلَّة,Athillah,
k24,طَرْف,Tarff,
k24,حَدّ,Hadd,
k24,حَرْف,Harff,
k24,أُفُق,Ofuqq,
k24,أَقْطَار,Aq’taar,
k24,أَرْجَاء,Ar’jaa’a,
k24,شَفَا,Shafaa,
k24,مَعْزِل,Ma’azil,
k24,شِاطِي,Shaatee,
k24,سَاحِل,Saahil,
k24,أَقْصَى,Aq’saa,
k24,عُدْوَة,Odwah,
k24,صَدَف,Sadaff,
k25,بِئْر,Be’er,
k25,جُبّ,Jubb,
k25,رَسّ,Rass,
k26,سَوط,Sawt,
k26,جَلْدَة,Jal’dah,
k27,جَهَدَ,Sa’aa,
k27,كَدَحَ,Jahada,
k27,,Kadaha,
k28,مَنْ,Mann,
k28,أَيّ,Ayy,
k29,أَحَد,Ahad,
k29,مَنْ-مِنْ,Man-Min,
k30,أَنْ,Ann,
k30,كَأَنْ,Ka’ann,
k30,كَأَنَّ,Ka’anna,
k30,كَأَنَّمَا,Ka’annama,
k30,أَلَّا,Allaa,
k31,أَيْن-أَيْنَما,Ayn-Aynama,
k31,أَنَّى,Annaa,
k32,أَسَاطِير,Asaateer,
k32,أَحَادِيث,Ahadeeth,
k32,قَصَصْ,Qasass,
k33,جِلْد,Jild,
k33,شَوَى,Shawa,
k34,سَلَخَ,Salakha,
k34,كَشَطَ,Kashata,
k35,أَكَلَ,Akala,
k35,طَعَمَ,Ta’ama,
k35,رَتَعَ,Rata’aa,
k36,أَطْعَمَ,At’ama,
k36,رَزَقَ,Razaqa,
k37,نَخْلَة,Nakh’lah,
k37,نَخْل-نَخِيل,Nakhl-Nakheel,
k37,لِينَة,Leenah,
k37,رَطْب,Ratbb,
k38,قَامَ-أَقَام,Qaama-Aqaama,
k38,وَقَفَ,Waqafa,
k38,نَتَقَ,Nataqa,
k38,نَشَزَ,Nashaza,
k39,آنِي,Aaanee,
k39,غَلْي,Ghal’yee,
k40,بَسَطَ,Basata,
k40,فَتَحَ,Fataha,
k40,حَلَّ,Halla,
k40,شَرَحَ,Sharaha,
k40,كَشَفَ,Kashafa,
k40,نَشَطَ,Nashata,
k40,فَرَجَ,Faraja,
k41,حَرْث,Harrth,
k41,زَرْع,Zarr’e,
k42,مَدَّ,Madda,
k42,جَرَّ,Jarra,
k42,اِضْطَرَّ,Ed’tarra,
k42,سَلَخَ,Salakha,
k42,نَزَعَ,Naza’aa,
k42,سَقَعَ,Saqa’aa,
k43,لَعِبَ,Laeba,
k43,لَهَى,Lahaa,
k43,عَبَثَ,Abatha,
k44,ءَ,Aa,
k44,هَلْ,Hal,
k44,مَا,Maa,
k44,ماذّا,Mathaa,
k45,كَيْف,Kayf,
k45,أَنَّى,Annaa,
k46,لِمَ,Lima,
k46,لَوْلَا,Lawlaa,
k46,لَوْمَا,Lawma,
k47,نَصَبَ,Nasaba,
k47,أَرْسَى,Arr’saa,
k47,دَسَّ,Dass’saa,
k47,وَأَدَ,Wa’ada,
k48,رَيْبَ المَنُون,Rayba Al-Manoon,
k48,دَائِرَة,Daaerah,
k48,دَوْلَة-دُوْلَة,Dawlah-Doolah,
k49,عُنُق,Onuq,
k49,جِيد,Jeed,
k49,رَقَبة,Raqabah,
k49,وَتِين,Wateen,
k50,آخَذَ,Aaakhatha,
k50,ثَرَّبَ,Tharraba,
k50,لَامَ,Laama,
k51,صَيْف,Sayf,
k51,حَرّ,Harr,
k51,حَمّ,Hamm,
k51,حَمَى,Hamaa,
k51,سَقَر,Saqar,
k51,سَمُوم,Samoom,
k52,دِفء,Dife’a,
k52,اِصْطَلَى,Esstalaa,
k53,سَقَطَ,Saqata,
k53,خَرَّ,Kharra,
k53,هَدَمَ,Hadama,
k53,هَدَّ,Hadda,
k53,إِنْقَضَّ,En’qadda,
k53,هَبَطَ,Habata,
k53,وَقَعَ,Waqa’aa,
k53,هَارَ,Haara,
k53,هَوَى,Hawaa,
k53,خَوَى,Khawaa,
k53,وَجَبَ,Wajaba,
k53,رَدَى,Radaa,
k53,صَرَعَ,Sara’aa,
k53,تَلَّ,Talla,
k53,تَعْسَ,Tass’sa,
k53,اِدَّارَكَ,Eddaaraka,
k53,اِنْهَمَرَ,Enhamara,
k53,صَبَّ,Sabba,
k53,سَكَبَ,Sakaba,
k54,رَهَنَ,Rahana,
k54,أَبْسَلَ,Absala,
k55,حُفْرَة,Hufrah,
k55,جُرْف,Jurff,
k55,أُخْدُود,Okh’dood,
k55,غَائِط,Ghaa’et,
k56,سَبَقَ,Sabaqa,
k56,خَلَا,Khalaa,
k56,سَلَفَ,Salafa,
k56,مَرَّ,Marra,
k56,مَضَى,Madaa,
k56,اِنْسَلَخَ,Ensalakha,
k57,حُلْقُوم,Hul’qoom,
k57,حَنَاجِر,Hanaajir,
k58,فَاتَ,Faata,
k58,فَقَدَ,Faqada,
k58,ضَلَّ,Dalla,
k59,ظَنَّ,Zanna,
k59,زَعَمَ,Za’ama,
k59,حَسِبَ,Hasiba,
k60,ذَنْب,Thanbb,
k60,خَطَأ-خِطأ,Khata’a-Khite’a,
k60,حُوْب,Hoob,
k60,حِنْث,Hinth,
k60,إِثْم,Ethm,
k60,اِجْرَام,Ej’raam,
k60,جُنَاح,Junaah,
k60,لَمَم,Lamamm,
k61,آثِم-أَثِيم,Aathim-Atheem,
k61,خَاطِيء,Khaate’a,
k61,مُجْرِم,Mujrim,
k61,فَاسِق,Faasiq,
k61,فَاجِر,Faajir,
k62,تَفَث,Tafath,
k62,رِجْز-رُجْز,Rijzz-Rujzz,
k62,رِجْس,Rijss,
k63,عَدَّ,Adda,
k63,حَسِبَ,Hasiba,
k63,أَحْصَى,Ah’saa,
k64,مَهْد,Mahd,
k64,حُجُور,Hujoor,
k65,لُجَّة,Lujjah,
k65,غَور,Ghawr,
k65,عَمِيق,Ameeq,
k66,مَشْرَب,Mash’rab,
k66,وِرْد,Wird,
k67,نَجْد,Najd,
k67,عَقَبَة,A’qabah,
k68,بَيْت,Bayt,
k68,مَسْكَن,Masskan,
k68,دَارَ,Daar,
k68,أَهْل,Ahl,
k69,سَاعَة,Saa’ah,
k69,أَنَاء,Anaa’a,
k69,زُلَف,Zulaf,
k70,وَلَجَ,Walaja,
k70,جَاسَ,Jaasa,
k71,جَرَّ,Jarra,
k71,سَحَبَ,Sahaba,
k71,عَتَلَ,Atala,
k72,خَيْل,Khayl,
k72,صَافِنَات,Saafinaat,
k72,جِيَاد,Jiyaad,
k72,عَادِيَات,Aadiyaat,
k73,حَفَّ,Haffa,
k73,أَحَاطَ,Ahaata,
k73,أَحْصَرَ,Ah’sara,
k73,حَاقَ,Haaqa,
q1,قَدَرَ,Qadara,
q1,أَقْرَنَ,Aqrana,
q1,اِسْتَحْوَذَ,Esstah’watha,
q1,اِحْتَنَكَ,Ehtanaka,
q2,سَيَّارَة,Sayyaarah,
q2,عِيْر,Eer,
q2,رَكْب,Rakb,
q3,قَبْر,Qabr,
q3,مَرْقَد,Marqad,
q3,جَدْث,Jadth,
q4,قَبِلَ-تَقَبَّلَ,Qabila-Taqabbala,
q4,أَجَابَ-اِسْتَجَابَ,Ajaaba-Esstajaaba,
q5,شُعُوب,Shuoob,
q5,قَبَائِل,Qabaael,
q5,فَصِيلَة,Faseelah,
q5,رَهْط,Raht,
q5,عَشِيرَة,Asheerah,
q5,أَسْبَاط,Assbaat,
q6,قَتَلَ,Qatala,
q6,سَفَكَ,Safaka,
q6,حَسَّ,Hassa,
q6,أَثْخَنَ,Ath’khana,
q7,قَدَم,Qadam,
q7,خُطْوَة,Khutwah,
q7,أَثَر,Athar,
q8,قَرَّ,Qarra,
q8,اِسْتَوَى عَلى,Esstawaa(Alaa),
q9,قُرْآن,Qur’aan,
q9,فُرْقَان,Fur’qaan,
q9,ذِكْر-تَذْكِرَة,Thiker-Tath’kirah,
q9,كِتَابٌ مُبِين,Kitaabun Mubeen,
q9,حَدِيث,Hadeeth,
q10,بُدْن,Budn,
q10,نُسُك,Nusuk,
q10,هَدْي,Hadee,
q10,قَلَائِد,Qalaaed,
q11,وَ,Wa,
q11,تَ,Ta,
q11,قَسَم,Qasam,
q11,يَمِين,Yameen,
q11,حَلَفَ,Halafa,
q11,ألِيَّة,Aaaleeyah,
q11,إِيلَاء,Eelaa’a,
q12,نَكَثَ,Nakatha,
q12,نَقَضَ,Naqada,
q12,حَنِثَ,Hanitha,
q13,حُصُون,Husoon,
q13,صَيَاصِي,Sayaasee,
q13,بُرُوج,Burooj,
q13,مَحَارِيب,Mahaareeb,
q14,أَيَّدَ,Ayyada,
q14,آزَرَ,Aazara,
q14,عَزَّزَ,Azzaza,
q15,قَمِيص,Qamees,
q15,سَرَابِيل,Sarabeel,
q16,قِيَامَة,Qiyaamah,
q16,السَّاعَة,Assaa’ah,
q16,يَومُ الدِين,Yawmu Uddeen,
q16,يَوْمُ الخُرُوج,Yawmu Ulkhurooj,
q16,يَوْمُ الحِسَاب,Yawmu Ulhisaab,
q16,يَوْمُ الفَصْل,Yawmu Ul’Fassl,
q16,الغَاشِيَة,Al Ghaashiyah,
q16,الحَاقَّة,Al Haaqqah,
q16,الصَاخَّة,Assaakh’khah,
q16,الآَزِفَة,Al Aazifah,
q16,القَارِعَة,Al Qaariah,
q16,الطَامَّةُ الكُبْرَى,Attaammatu Ulkubraa,
q17,سِجْن,Sijn,
q17,حَصِير,Haseer,
q18,حَبَسَ,Habasa,
q18,أَثْبَتَ,Ath’bata,
q18,أَسَرَ,Asara,
q18,سَجَنَ,Sajana,
f1,نَفَعَ,Nafa’aa,
f1,مَتَعَ,Mata’aa,
f1,رَبَحَ,Rabaha,
f1,مَآرِب,Ma’aarib,
f2,فَتَحَ,Fataha,
f2,أَظْفَرَ,Azz’fara,
f3,مَيْسَرَة,Maysarah,
f3,طَوْل,Tawl,
f3,بَسْطَة,Bastah,
f3,سَعَة,Sa’ah,
f4,رَحُبَ,Rahuba,
f4,وَسِعَ,Wasiaa,
f4,تَفَسَّحَ,Tafass’saha,
f5,مَلَك,Malak,
f5,رُوح,Rooh,
f6,بُعْد,Bu’od,
f6,تَفَاوُت,Tafaawot,
f7,فِرْقَة,Firqah,
f7,فَرِيق,Fareeq,
f7,طَائِفَة,Taaefah,
f7,زُمَر,Zumar,
f7,شِيعَة,Sheeah,
f7,أُنَاس,Onaass,
f8,اِسْتَجَاب,Esstajaab,
f8,أَصْرَخ,Assrakh,
f9,اِسْتَسْرَخ,Esstassrakh,
f9,اِسْتَغَاث,Esstaghaath,
f10,أَفْسَدَ,Afsada,
f10,عَثَا,Athaa,
f10,نَزَغَ,Nazagha,
f11,أَلْغَى,Alghaa,
f11,خَاضَ,Khaada,
f11,فَكِهَ,Fakiha,
f11,سَمَرَ,Samara,
f11,هَجَرَ,Hajara,
f12,أَسْرَفَ,Assrafa,
f12,بَذَّرَ,Bath’thara,
f13,فَضَّلَ,Faddala,
f13,كَرَّمَ,Karrama,
f14,فَتَحَ,Fataha,
f14,فَصَلَ,Fasala,
f14,حَكَمَ,Hakama,
f14,قَضَى,Qadaa,
f14,حَتَمَ,Hatama,
g1,غَار-مَغَارَات,Ghaar-Maghaaraat,
g1,كَهْف,Kahff,
g2,غَفَلَ-أَغْفَلَ,Ghafala-Agh’fala,
g2,سَهَا,Sahaa,
g2,سَمَدَ,Samada,
g2,أَلْهَى,Alhaa,
g3,ظَهَرَ,Thahara,
g3,عَزَّ,Azza,
g3,غَلَبَ,Ghalaba,
g3,اِسْتَعْلَى,Ess’ta’alaa,
g3,قَهَرَ,Qahara,
g4,غَبَرَة,Ghabarah,
g4,نَقْع,Naq’e,
g4,هَبَاء,Habaa’a,
g5,سَخَط,Sakhat,
g5,غَيظ,Ghayz,
g5,غَضَب,Ghadab,
g5,حَرد,Harrd,
g6,أَسْخَطَ,Asskhata,
g6,غَاضَ,Ghaada,
g6,آسَفَ,Aaasafa,
g7,غَمّ,Ghamm,
g7,حُزْن,Huzn,
g7,بَثْ,Bath,
g8,حَزَنَ,Hazana,
g8,أَسَى,Asaa,
g8,أَبْلَسَ,Ablasa,
g8,اِسْتَيْئَسَ,Ess’tayasa,
g9,تَفَكَّر,Tafakkar,
g9,تَدَبَّر,Tadabbar,
g9,تَفَقَّه,Tafaqqah,
g9,اِدَّكَرَ,Eddakara,
g9,اِسْتَنْبَطَ,Esstanbata,
E1,عَجَزَ,Aajaza,
E1,عَيَّ,Ayya,
E1,اِسْتَكَانَ,Esstakaana,
E2,أَخْبَتَ,Akh’bata,
E2,خَشَعَ,Khasha’aa,
E2,خَضَعَ,Khada’aa,
E2,تَضَرَّعَ,Tadarra’aa,
E3,عَالِم,Aaalim,
E3,أَحْبَار,Ahbaar,
E3,قِسّيسِيْن,Qiss’seseen,
E4,صَوَامِع,Sawaamea,
E4,بِيَع,Beya’a,
E4,صَلَوَات,Salwaat,
E4,مَسَاجِد,Masaajid,
E5,عَذَاب,Athaab,
E5,عِقَاب,Eqaab,
E5,بَأْس,Ba’ass,
E5,نَكِير,Nakeer,
E5,نَكَال,Nakaal,
E5,وَبَال,Wabaal,
E5,مَثُلَة,Mathulah,
E6,عَذَّبَ,Ath’thaba,
E6,نَكَّلَ,Nakkala,
E7,حُسْبَان,Husbaan,
E7,حَاصِب,Haasib,
E7,صَيْحَة,Sayhah,
E7,رَجْفَة,Rajfah,
E7,زَجْر,Zajrr,
E7,خَسْف,Khassff,
E8,أَعَزَّ,A’azza,
E8,أَكْرَمَ,Akrama,
E8,كَرَّمَ,Karrama,
E9,أَكْرَم,Akram,
E9,مُكَرَّم,Mukrim,
E9,حَرَام-مُحَرَّم,Haraam-Muharram,
E9,وَجِيه,Wajeeh,
E10,حِجْر,Hijr,
E10,عَقْل,Aql,
E10,حُلُم,Hulm,
E10,أُولِي الأَلْبَاب,Awlee El Albaab,
E10,أُولِي الأَبْصَار,Awlee El Absaar,
E10,أُولِي النُهَى,Awlee Unuhaa,
E11,إِسْتَفَزَّ,Esstafazza,
E11,اِسْتَخَفَّ,Esstakhaffa,
E12,أُنْثَى,Unthaa,
E12,إِمْرَأَة,Emra’ah,
E12,نِسَاء,Nisaa’a,
E12,نِسْوَة,Nisswah,
E13,وَعَدَه,Wa’adah,
E13,وَعِيد,Waeed,
E13,مَوْعِدَة-مِيعَاد,Mawedah-Meehaad,
E13,عَهْد,Ahd,
E13,ذِمَّة,Thimmah,
E13,إِصْر,Essr,
E13,مِيثَاق,Meethaaq,
E13,عُقُود,Uqood,
D1,ظَهَرَ,Zahara,
D1,جَهَرَ,Jahara,
D1,بَدَا,Badaa,
D1,عَثَرَ,Athara,
D1,تَبَيَّنَ-اِسْتَبَانَ,Tabayyana-Ess’tabaana,
D1,حَصْحَصَ,Hass’hasa,
D1,تَجَلَّى,Tajallaa,
D1,شُرَّعاً,Shurra’an,
D2,أَظْهَرَ,Azhara,
D2,أَبْدَا,Abdaa,
D2,أَعْثَرَ,A’athara,
D2,جَهَرَ,Jahara,
D2,أَعْلَنَ,A’alana,
T1,طَاقَة,Taaqah,
T1,قُوَّة,Qowwah,
T1,مِرَّة,Mirrah,
T1,رُكْن,Rukn,
T1,مَحْل,Mahl,
T2,أَطَاق,Ataaq,
T2,اِسْتَطَاع,Esstataa’a,
T3,طَرِيقَة,Tareeqah,
T3,سُنَّة,Sunnah,
T3,أُمَّة,Ummah,
T3,شَرِيعَة,Sharee’ah,
T3,مِنْهَاج,Minhaaj,
T3,مَنْسَك,Mansak,
T3,شَاكِلَة,Shaakilah,
T3,مَعْرُوف,Ma’aroof,
T3,خُلُق,Khuluq,
T4,طَعَنَ,Ta’ana,
T4,لَمَزَ,Lamaza,
T4,هَمَزَ,Hamaza,
T5,طَوَّقَ-غَلَّ,Tawwaqa-Ghalla,
T6,طَمَعَ,Tama’aa,
T6,حَرَصَ,Harasa,
T6,شَحَّ,Shahha,
T7,عَبَرَ,Abara,
T7,قَطَعَ,Qata’aa,
,,,